{
    "results": {
        "tool": {
            "name": "pytest",
            "version": "8.4.1"
        },
        "summary": {
            "tests": 2,
            "passed": 2,
            "failed": 0,
            "skipped": 0,
            "pending": 0,
            "other": 0,
            "start": 1779147899.8565805,
            "stop": 1779147899.899763
        },
        "tests": [
            {
                "name": "test_outputs.py::test_solution_file",
                "status": "passed",
                "duration": 0.0003338910173624754,
                "start": 1779147899.8987608,
                "stop": 1779147899.8992863,
                "retries": 0,
                "file_path": "test_outputs.py"
            },
            {
                "name": "test_outputs.py::test_solution_content",
                "status": "passed",
                "duration": 0.00020141282584518194,
                "start": 1779147899.899389,
                "stop": 1779147899.8996623,
                "retries": 0,
                "file_path": "test_outputs.py"
            }
        ]
    }
}